{
    "AuROC": 0.9656657476918954,
    "AuPRC": 0.9510192354204852,
    "F1": 0.9000812347684809,
    "MRR": 0.07564470171928406
}