{
    "AuROC": 0.9545665231105644,
    "AuPRC": 0.9413179933587031,
    "F1": 0.8992370428834517,
    "MRR": 0.10333288460969925
}